"VISA", "Visa"
"MASTERCARD", "Mastercard"
"AMEX", "Amex"
"DINERS", "Diners"
"JCB", "JCB"
"MAESTRO_INTERNATIONAL", "Maestro International"
"MAESTRO_UK", "Maestro UK"
"DISCOVER", "Discover"
"CARTE_BLEUE", "Carte Bleue"

"PPE", "Paypal Express"

"PNT", "Sofortüberweisung"
"GPY", "Giropay"
"EPS", "EPS Österreich"
"PFF", "PostFinance E-Finance Schweiz"
"PFC", "PostFinance Card Schweiz"
"IDL", "IDEAL"

"CFR","Commerz Finanz"
"BSV","BillSAFE"
"KLV","Klarna"